{
  "SOLUSD": {
    "amount": 0.29098100000000005,
    "avg_price": 177.11546461265746,
    "current_price": 100.0,
    "market_value": 29.098100000000006,
    "cost_basis": 51.53723500845569,
    "unrealized_pnl": -22.439135008455683
  },
  "BTCUSD": {
    "amount": 304.24218099999996,
    "avg_price": 49138.56385334908,
    "current_price": 50000.0,
    "market_value": 15212109.049999999,
    "cost_basis": 14950023.837950686,
    "unrealized_pnl": 262085.2120493129
  },
  "XRPUSD": {
    "amount": 22.410307,
    "avg_price": 2.4172593546886647,
    "current_price": 2.43718,
    "market_value": 54.61795201426,
    "cost_basis": 54.171524237194866,
    "unrealized_pnl": 0.44642777706513215
  },
  "DOGEUSD": {
    "amount": 183.458277,
    "avg_price": 0.19627018450740658,
    "current_price": 0.196799,
    "market_value": 36.104405455323004,
    "cost_basis": 36.007389876200904,
    "unrealized_pnl": 0.09701557912210035
  },
  "UNIUSD": {
    "amount": 0.02,
    "avg_price": 5.96975,
    "current_price": 6.107,
    "market_value": 0.12214000000000001,
    "cost_basis": 0.11939500000000002,
    "unrealized_pnl": 0.0027449999999999974
  },
  "ADAUSD": {
    "amount": 0.02,
    "avg_price": 0.6656075,
    "current_price": 0.700853,
    "market_value": 0.01401706,
    "cost_basis": 0.01331215,
    "unrealized_pnl": 0.0007049099999999996
  },
  "SHIBUSD": {
    "amount": 0.02,
    "avg_price": 9.945e-06,
    "current_price": 1.002e-05,
    "market_value": 2.0040000000000002e-07,
    "cost_basis": 1.9890000000000001e-07,
    "unrealized_pnl": 1.5000000000000068e-09
  },
  "LTCUSD": {
    "amount": 0.01,
    "avg_price": 99.61,
    "current_price": 99.61,
    "market_value": 0.9961,
    "cost_basis": 0.9961,
    "unrealized_pnl": 0.0
  }
}