{
  "SOLUSD": {
    "amount": 0.3500880000000001,
    "avg_price": 158.6103452316271,
    "current_price": 100.0,
    "market_value": 35.008800000000015,
    "cost_basis": 55.527578541449884,
    "unrealized_pnl": -20.51877854144987
  },
  "BTCUSD": {
    "amount": 1216.7198099999994,
    "avg_price": 49141.1784818527,
    "current_price": 50000.0,
    "market_value": 60835990.49999997,
    "cost_basis": 59791045.34561588,
    "unrealized_pnl": 1044945.1543840915
  },
  "XRPUSD": {
    "amount": 22.410307,
    "avg_price": 2.4172593546886647,
    "current_price": 2.43718,
    "market_value": 54.61795201426,
    "cost_basis": 54.171524237194866,
    "unrealized_pnl": 0.44642777706513215
  },
  "DOGEUSD": {
    "amount": 183.458277,
    "avg_price": 0.19627018450740658,
    "current_price": 0.196799,
    "market_value": 36.104405455323004,
    "cost_basis": 36.007389876200904,
    "unrealized_pnl": 0.09701557912210035
  },
  "UNIUSD": {
    "amount": 0.02,
    "avg_price": 5.96975,
    "current_price": 6.107,
    "market_value": 0.12214000000000001,
    "cost_basis": 0.11939500000000002,
    "unrealized_pnl": 0.0027449999999999974
  },
  "ADAUSD": {
    "amount": 0.02,
    "avg_price": 0.6656075,
    "current_price": 0.700853,
    "market_value": 0.01401706,
    "cost_basis": 0.01331215,
    "unrealized_pnl": 0.0007049099999999996
  },
  "SHIBUSD": {
    "amount": 0.02,
    "avg_price": 9.945e-06,
    "current_price": 1.002e-05,
    "market_value": 2.0040000000000002e-07,
    "cost_basis": 1.9890000000000001e-07,
    "unrealized_pnl": 1.5000000000000068e-09
  },
  "LTCUSD": {
    "amount": 0.01,
    "avg_price": 99.61,
    "current_price": 99.61,
    "market_value": 0.9961,
    "cost_basis": 0.9961,
    "unrealized_pnl": 0.0
  },
  "AAVEUSD": {
    "amount": 0.026713,
    "avg_price": 224.61,
    "current_price": 224.61,
    "market_value": 6.0000069300000005,
    "cost_basis": 6.0000069300000005,
    "unrealized_pnl": 0.0
  }
}