{
  "SOLUSD": {
    "amount": 0.598542,
    "avg_price": 169.68855575822397,
    "current_price": 178.71,
    "market_value": 106.96544082000001,
    "cost_basis": 101.56572754063889,
    "unrealized_pnl": 5.399713279361123
  },
  "BTCUSD": {
    "amount": 1419.4923879999997,
    "avg_price": 49141.38184368438,
    "current_price": 107107.6,
    "market_value": 152038422.89694878,
    "cost_basis": 69755817.46291137,
    "unrealized_pnl": 82282605.43403742
  },
  "XRPUSD": {
    "amount": 27.422052,
    "avg_price": 2.4130770666668147,
    "current_price": 2.38303,
    "market_value": 65.34757257756,
    "cost_basis": 66.17152480214486,
    "unrealized_pnl": -0.8239522245848576
  },
  "DOGEUSD": {
    "amount": 214.903829,
    "avg_price": 0.19547064408569895,
    "current_price": 0.190806,
    "market_value": 41.004939996174,
    "cost_basis": 42.007389871112906,
    "unrealized_pnl": -1.002449874938904
  },
  "SHIBUSD": {
    "amount": 2970618.001161,
    "avg_price": 9.947702536270413e-06,
    "current_price": 9.85e-06,
    "market_value": 29.260587311435852,
    "cost_basis": 29.550824224439825,
    "unrealized_pnl": -0.29023691300397303
  },
  "LTCUSD": {
    "amount": 0.01,
    "avg_price": 99.61,
    "current_price": 99.61,
    "market_value": 0.9961,
    "cost_basis": 0.9961,
    "unrealized_pnl": 0.0
  },
  "AAVEUSD": {
    "amount": 0.08116300000000001,
    "avg_price": 221.77554834099277,
    "current_price": 220.31,
    "market_value": 17.881020530000004,
    "cost_basis": 17.99996883,
    "unrealized_pnl": -0.11894829999999601
  },
  "ADAUSD": {
    "amount": 37.821245,
    "avg_price": 0.6252930386464326,
    "current_price": 0.616076,
    "market_value": 23.300761334619995,
    "cost_basis": 23.649361211441192,
    "unrealized_pnl": -0.3485998768211971
  },
  "UNIUSD": {
    "amount": 8.743910999999999,
    "avg_price": 6.132638406231918,
    "current_price": 6.083,
    "market_value": 53.18921061299999,
    "cost_basis": 53.62324441927373,
    "unrealized_pnl": -0.4340338062737388
  },
  "DOTUSD": {
    "amount": 12.172784,
    "avg_price": 2.9431168026448917,
    "current_price": 2.8658,
    "market_value": 34.8847643872,
    "cost_basis": 35.825925125366894,
    "unrealized_pnl": -0.9411607381668929
  },
  "LINKUSD": {
    "amount": 1.737272,
    "avg_price": 17.267024913042846,
    "current_price": 16.94013,
    "market_value": 29.429613525359997,
    "cost_basis": 29.99751890473177,
    "unrealized_pnl": -0.5679053793717728
  },
  "ETHUSD": {
    "amount": 0.001578,
    "avg_price": 3801.19,
    "current_price": 3801.19,
    "market_value": 5.99827782,
    "cost_basis": 5.99827782,
    "unrealized_pnl": 0.0
  }
}